isrc,spotify_id,artist,title,album,duration_ms,release_date,spotify_popularity,playlist_count,playlist_sources
FRZ051900630,1XUivd12LBHFanCqt0buaz,Lous and The Yakuza,Solo,Gore,193640,2020-10-16,,1,link_playlist_0
USRC11701132,4h6ViRoztTBpWcJ1zFT9Zg,SZA,20 Something,Ctrl,198160,2017-06-09,,1,link_playlist_0
QMBZ92184180,4psOOvBSTGC5NE1uxvwkbz,Zinoleesky,Naira Marley,Naira Marley,133443,2021-06-25,,3,link_playlist_1;link_playlist_13;link_playlist_20
FR9W12420527,16sBOdPqkKAVFCoPc8iB6M,Dorty,Blessing - Afro Beats Ivoire 2,Blessing (Afro Beats Ivoire 2),184100,2024-05-10,,1,link_playlist_1
DGA052366621,4yAQAjlxFt274xHu8j8ScE,Black K,Ca va me donner quoi,Ca va me donner quoi,178159,2023-06-30,,1,link_playlist_1
FRX452445738,0wVbLYbOAzHsEcyAtNLOFo,Josey,Démarrage,Vibration Universelle,196148,2024-04-26,,1,link_playlist_1
FRX202066132,5LZOSLGQD61beV7cKfugih,Obam's,C'est doux,C'est doux,224347,2020-07-10,,1,link_playlist_1
CIUM72300020,0W3072uAeMGXf7KjKVbzeh,Ayanne,Aroukoutou,Vitamine A,173959,2024-09-27,,1,link_playlist_1
USSM11300889,7brQHA2CgQpcMBiOlfiXYb,The Neighbourhood,Afraid,I Love You.,251186,2013-04-22,,1,link_playlist_2
GBPPE0800075,5LEdKHWBLEh4CwjFQcxs6x,Santigold,My Superman,Santigold,182933,2008-05-12,,1,link_playlist_2
USWB18100020,5shPZ6RnC6sCm0iSZiv7wU,Prince,Controversy,Controversy,435333,1981-10-14,,1,link_playlist_2
QZNMW2123548,7D3AvJojWNdkEWoSIwFLiE,Alina Baraz,Alone With You,Alone With You,226278,2021-07-22,,1,link_playlist_3
QM6MZ2231148,0o4HD0mOtTiHSbycbg4IpT,RAYE,Hard Out Here.,My 21st Century Blues,191164,2023-02-03,,1,link_playlist_3
USRC12100544,0k4d5YPDr1r7FX77VdqWez,Doja Cat,You Right,Planet Her,186173,2021-06-25,,1,link_playlist_3
USUG12203940,5ZIGspcGWW7LOaVJXQB6Av,Jessie Reyez,**JEANS (with MIGUEL)**,PAID IN MEMORIES,195500,2025-03-28,,1,link_playlist_3
USUG12301790,6gQrm0rwg6hok8IxzysD8m,Amaarae,Reckless & Sweet,Fountain Baby,159680,2023-06-09,,2,link_playlist_3;link_playlist_10
USRC12204025,1o8Z7GD1CeOaVBEyuzu4HO,Victoria Monét,On My Mama,On My Mama,186678,2023-06-16,,1,link_playlist_3
USRC12204022,3OgdnA3LYpJ6vxrfk6X3p4,Victoria Monét,Alright,JAGUAR II,173913,2023-08-25,,1,link_playlist_3
ITRWL2500021,13GmZ3eCdhC49uPLDJSB21,Sissi,Telegram,XS,153750,2025-04-11,,1,link_playlist_3
QM6N22433711,1qvgsMTiNL4WwUnQ9yMz2m,RAYE,"Genesis, pt. ii",Genesis.,208836,2024-06-07,,1,link_playlist_3
USRC12402243,5UmfBGfRJgjZ8CdhgffabQ,LISA,New Woman (feat. ROSALÍA),Alter Ego,179789,2025-02-28,,1,link_playlist_3
USRC11901655,0rIAC4PXANcKmitJfoqmVm,Normani,Motivation,Motivation,193837,2019-08-16,,1,link_playlist_3
USUM71900409,4kV4N9D1iKVxx1KLvtTpjS,Ariana Grande,"break up with your girlfriend, i'm bored","thank u, next",190440,2019-02-08,,1,link_playlist_3
GBBKS2500313,0LnjlEJ3A7CfVYVH2l5KkH,Jim Legxacy,new david bowie,black british music (2025),134400,2025-07-18,,1,link_playlist_3
GBBKS2500314,3hHyi09mb4tm5U0E4DaeMQ,Jim Legxacy,d.b.a.b,black british music (2025),156631,2025-07-18,,1,link_playlist_3
GX3Q92386075,3XGKiSzqLp9ORj00WhqLky,Jim Legxacy,block hug,homeless n*gga pop music,172607,2023-04-26,,1,link_playlist_3
ITHZX2400025,3vnu6l7joTbVlwYedSm1H7,nayt,Serie TV,Lettera Q,186000,2024-11-22,,1,link_playlist_4
ITHZX2400017,4anVhqcUQ6meMRdz8PYFUy,nayt,Non è fortuna,Lettera Q,177049,2024-11-22,,1,link_playlist_4
USUYG1376101,569vy4ZVCh2qawmDraU1ez,Inayah,Missin It,Side A,91515,2021-06-25,,1,link_playlist_4
USAT22202284,6XtaPHxQvhFn9p24f2tvRZ,Josh Levi,VICES,DISC TWO,183750,2022-06-09,,2,link_playlist_4;link_playlist_20
QM24S2005878,2xwbEd4EeuCoi7RIabKD3K,Josh Levi,DON'T THEY,DISC ONE,178348,2020-07-01,,1,link_playlist_4
ITRWL2500029,2tchckpnk6RZ2yPyB09eeG,Sissi,Arma Puntata (feat. 22simba),XS,171391,2025-04-11,,1,link_playlist_4
ITRWL2500030,3wtqt3EUXskYLu8WunMrmK,Sissi,Diavoli in un club,XS,155034,2025-04-11,,1,link_playlist_4
QZNMX2444670,1I5hhujd8OgWO5SZLEtOPk,Col3trane,Closer,Hamartia,169499,2024-11-22,,1,link_playlist_5
GBARL2401776,5bCWjEsrK0KUGMxPrjGJZg,Sasha Keable,WHY,WHY,179594,2024-11-25,,1,link_playlist_5
QZWFW2429432,5MlgQaWpMAASIX5KVA0IFV,Toulouse,The Place Between Field And Ether,Triptych C,259299,2024-11-15,,1,link_playlist_5
QM5FT1600120,5oO3drDxtziYU2H1X23ZIp,Rihanna,Love On The Brain,ANTI (Deluxe),224000,2016-01-28,,1,link_playlist_6
USWB12300325,31Wlc9ZnraX3JxrvMg9e8H,Omar Apollo,3 Boys,3 Boys,209188,2023-02-17,,1,link_playlist_6
USWB12303806,3wEa4oO2y9kuaPAbh4pzQb,Omar Apollo,Live For Me,Live For Me,211666,2023-10-06,,1,link_playlist_6
USUG12403771,5j34I5WUnKZVHP14J0Mlcb,Amaarae,sweeeet,"roses are red, tears are blue — A Fountain Baby Extended Play",111229,2024-06-27,,2,link_playlist_7;link_playlist_11
QZNJZ2404072,0YhfN67l9tH7nCM04nASUq,Joochar,Bon débarras,Bon débarras,148892,2024-08-23,,1,link_playlist_8
KRMIM1810659,7tdstgErp2WLiwpsEVcNov,Rapercussion,Gbégbé,African Rhythms Of Fonike,105746,2018-09-28,,1,link_playlist_8
USAT22401348,0AkiAfilrTUXV49dleC5SB,Charli xcx,So I,BRAT,211352,2024-06-07,,1,link_playlist_9
USAT22401350,19RybK6XDbAVpcdxSbZL1o,Charli xcx,Apple,BRAT,151739,2024-06-07,,1,link_playlist_9
USAT22401351,4wTvw1dBiPXNiHTh0zzpcI,Charli xcx,B2b,BRAT,178579,2024-06-07,,1,link_playlist_9
USAT22401353,3OaFGqHUyxGVkOcSILw8Kx,Charli xcx,I think about it all the time,BRAT,135878,2024-06-07,,1,link_playlist_9
GBMA22406214,1I08zQMc1sHy2xwd8itedV,Odeal,Soh-Soh,Sunday At Zuri's,184552,2024-07-05,,1,link_playlist_10
USUG12402952,7vAXxDFUHDPxWzSujxb8jB,Ayra Starr,Goodbye (Warm Up)(feat. Asake),The Year I Turned 21,163114,2024-05-30,,2,link_playlist_10;link_playlist_11
GB45A2300109,4PjUTGWC6hQJ84zQQOMkWk,Tay Iwar,Don't Lie,Summer Breeze,156213,2023-06-09,,1,link_playlist_10
USUYG1243904,0iI2cOHpX6xmwKD15Q5ynd,Rayana Jay,Breakfast in Bed,Love Me Like,116059,2019-03-22,,1,link_playlist_10
USUYG1456491,1QrRuByqSfCxYS0JdZMlIf,BLK ODYSSY,Lay Low,Lay Low,139586,2022-12-09,,1,link_playlist_10
USRC12401014,6617OvEesvCz7kGfXLYW4h,Normani,Big Boy (feat. Starrah),DOPAMINE,173087,2024-06-14,,1,link_playlist_11
USRC12401016,14bmkoHIGDA4F3coRG6d2O,Normani,All Yours,All Yours,210338,2024-06-13,,1,link_playlist_11
USRC12200487,1SlGaBvTqX0gb24ouXonOo,Normani,Fair,Fair,184012,2022-03-18,,1,link_playlist_11
US5ED2405646,30JrG6H4yDSDyLPStS69CG,Jaz Karis,NICE GIRLS,NICE GIRLS,149538,2024-04-19,,1,link_playlist_11
USAT22405478,5b3XJ1pjrHO5JtY2PcTjnI,Megan Thee Stallion,Mamushi (feat. Yuki Chiba),MEGAN,156988,2024-06-28,,1,link_playlist_11
USRC12401017,4EBmRDnoPHS8CnumK8tVv8,Normani,Lights On,DOPAMINE,225520,2024-06-14,,1,link_playlist_11
USSM12308661,6XpEm7VJ7TZxZTawH8BCSW,Tyla,Jump,TYLA,147071,2024-03-22,,1,link_playlist_11
USUG12402944,1NpReyx5RDIbFnracbbHhy,Ayra Starr,Birds Sing of Money,The Year I Turned 21,163385,2024-05-30,,1,link_playlist_11
QZTLA2484078,1CeDVMLH4u7mjgWhGu0OUY,Alex Mali,4LIFE,4LIFE,144000,2024-04-19,,1,link_playlist_11
ITZA81600019,6gspIxeLjQdbndod8OC5cJ,Mecna,Il tempo non ci basterà,Lungomare Paranoia,253946,2017-01-13,,1,link_playlist_12
ITZA81400212,3DVkqOaJRj7RYIHoprECgG,Mecna,Faresti Con Me,Laska,218440,2015-01-27,,1,link_playlist_12
FR2X41751539,72l0Knt9IWzIJMB899drW0,Ernia,Feeling,Come Uccidere Un Usignolo (67 Edition),177368,2017-11-03,,1,link_playlist_12
ITUM71900323,0E5bmLyxyiHsmc82D5gsiY,Ernia,Phi,68 (Till The End),174000,2019-04-05,,1,link_playlist_12
NGA3B2314006,1iBWjQ9af9NnUd5xnQDB3k,Rema,Charm,Rave & Roses Ultra,204750,2023-04-27,,1,link_playlist_13
QZHNA2368413,5mH230vvkLSBJJZIftBttH,Chop Daily,Water,Water,149457,2023-05-03,,1,link_playlist_13
QZQAY2390018,5wedEJLTgmlmworhXQaaO8,Minz,sokoto,sokoto,175714,2023-06-23,,1,link_playlist_13
QM6MZ2204522,3baPniPXS0iEII8rDUJdYP,Lojay,Monalisa,Monalisa,212975,2022-05-19,,2,link_playlist_13;link_playlist_20
FR8R61600004,0QLjm2PNqKRJfWsxDPa9Ra,Booba,DKR,DKR,176316,2016-09-30,,1,link_playlist_13
GBAPA9500037,0YPHxhTtceIbXF5ioGEwGO,Salif Keita,Folon,Folon,267693,1995-01-01,,1,link_playlist_13
FR2W61700009,3aPOQ6TdIuAW8m1KZid1Hv,Oumou Sangaré,Mogoya,Mogoya,210773,2017-05-19,,1,link_playlist_13
GBBGU9000421,5IQtSy70lutizrFGdOH9QJ,Oumou Sangaré,Moussolou,Moussolou,314573,1991-01-01,,1,link_playlist_13
QM4TX2344810,1javLzBHyEKJJrG3s6FHaM,Jorja Smith,Little Things,Little Things,204600,2023-05-11,,1,link_playlist_13
GBAYE2200286,4icnlpI5IbZcRO9mpixVVW,PinkPantheress,Where You Are (feat. WILLOW),Where you are (feat. WILLOW),153706,2022-04-22,,2,link_playlist_13;link_playlist_20
BE1JB2300002,4xexPtg7VSPCf9hM3aZdfZ,YellowStraps,Slowdown (girl what's up),Slowdown (girl what's up),123000,2023-11-13,,1,link_playlist_13
CAWHO2027276,1a5VioVjBPWmYJp4EwOEuA,Jazzy LoFi,Jazz Cafe - Lofi Beats,LoFi Jazz Beats,79058,2020-10-12,,1,link_playlist_13
QMFME2366483,7ddHGUPt5bOpVFAtX6TJN8,Caroline Polachek,Dang,Dang,164514,2023-10-17,,1,link_playlist_13
ITA642300063,6Du4PhoF2CgG3QjOEveoM8,Sunken,ECO ECo Eco eco,CORE CORE,210109,2023-09-21,,1,link_playlist_13
USUYG1437870,2wgvxtggKVzPkl0smF2UzI,Asake,Organise,Mr. Money With The Vibe,123716,2022-09-07,,1,link_playlist_13
USUG12302670,23uUytja1B1mUOOIoygf6u,Amaarae,Angels in Tibet,Fountain Baby,142613,2023-06-09,,1,link_playlist_13
GBBPW2300308,2pqiyukPWDQQSkKVDEoKoA,Kelela,Closure - Flexulant x BAMBII Remix feat. Rahrah Gabor & Brazy,Closure (Flexulant x BAMBII Remix feat. Rahrah Gabor + brazy),286014,2023-12-06,,1,link_playlist_13
BCENK2200037,3l5VjEAeUTqrlD50iEo8Yn,KayBlack,Licor 43,Licor 43,142470,2022-04-28,,1,link_playlist_13
GBARL2301748,2bKrFpSt2a6poHaWTrmw4W,Libianca,W.O.M.S (Weight On My Shoulder),Walk Away,218692,2023-12-08,,1,link_playlist_13
US23A1512496,1GqEu4nDrzncKDnBaf7FKs,Amaarae,FEEL A WAY,THE ANGEL YOU DON'T KNOW,155088,2020-11-12,,1,link_playlist_13
QZMEM2232831,1xK59OXxi2TAAAbmZK0kBL,d4vd,Romantic Homicide,Romantic Homicide,132630,2022-07-20,,2,link_playlist_14;link_playlist_16
GBKEZ1000748,4iydgaOTcWYaPlpDCqkVVQ,Ursula C,Drifting (Esp mix),Bar de Lune Presents Perfect Relaxation,256173,2011-07-01,,1,link_playlist_15
GBKEZ1203146,6Z7AIGs6fg3rfBSwUm0pu2,Rhythm Vendors,Only When You Are There,Bar de Lune Presents Perfect Relaxation,382893,2011-07-01,,1,link_playlist_15
GBKEZ1100437,3mLKSpeXd0haFT7MdTwDlt,Prathi Temple,Sakyamuni,Bar de Lune Presents Perfect Relaxation,296466,2011-07-01,,1,link_playlist_15
GBKEZ1101194,386vRnNkErEEWf2Ymm7K6c,Jawaba-a-Shikwa,You R the Light,Bar de Lune Presents Perfect Relaxation,316600,2011-07-01,,1,link_playlist_15
GBKEZ1002388,2oOcKcnETZgaK1AiHuUpS0,Yasmine,Sunrise Ruby,Bar de Lune Presents Perfect Relaxation,324680,2011-07-01,,1,link_playlist_15
GBKEZ1101195,4mq2M58RNts2C6iIOaGShB,Mena J,ESP (Deep Relaxation mix),Bar de Lune Presents Perfect Relaxation,203120,2011-07-01,,1,link_playlist_15
GBKEZ1203230,27Ogy0nkbUqZdBaxVsZF4P,Choices,The Pathfinder,Bar de Lune Presents Perfect Relaxation,300546,2011-07-01,,1,link_playlist_15
GBKEZ1100440,4F8foby3NIU42eZTZ26mxa,Eastern Awakening,Hills of Nepal,Bar de Lune Presents Perfect Relaxation,273640,2011-07-01,,1,link_playlist_15
DEU670700113,2lhzsuSRrNz1XEdQonA1mG,Ulf Lohmann,My Pazifik,Pop Ambient 2008,203720,2007-10-29,,1,link_playlist_15
DEU670200095,0WKhGmY3gPry4BBPMDjxwQ,Markus Guentner,Express Yourself,Pop Ambient 2003,480280,2002-11-18,,1,link_playlist_15
DEU670400101,43rGVuwGyR8GaFsZvuqehb,Triola,Ral,Pop Ambient 2004,274640,2003-11-24,,1,link_playlist_15
DEU670200096,4UCJWBsmDvVgb8vM8Hkeos,All,Alltag,Pop Ambient 2001,247040,2001-01-01,,1,link_playlist_15
DEU671000007,4APbq8nbqh51BljeGNea0l,Mikkel Metal,Blue items,Recontact,293640,2013-12-16,,1,link_playlist_15
DEU670800156,1K9PymavSGvjpdjzRjg7s9,Popnoname,Nightliner,Pop Ambient 2009,321013,2009-02-16,,1,link_playlist_15
DEU670100010,5ititHVQuwGw7kEwhwuZcB,Joachim Spieth,You Don't Fool Me 3,You Don't Fool Me,386581,2000-12-01,,1,link_playlist_15
DEU671100020,5jOEoxcMo5fJyNA0wDJcyf,Bvdub,Make The Pain Go Away,Pop Ambient 2011,351078,2011-01-31,,1,link_playlist_15
DEU671800216,4E7nETUt0vKrNHdXzgZPaq,Coupler,A Plain Of Reeds,Pop Ambient 2019,353008,2018-11-30,,1,link_playlist_15
QMEU31605300,0Dqbt9twS7u6wg1CE6PgZb,Tangerine Dream,Love on a Real Train (Rerecorded),Louder Than Bombs (Original Motion Picture Soundtrack),537546,2016-04-08,,1,link_playlist_15
DEU670400078,5x9YI7FKKVdRLleRDIleBo,Markus Guentner,Innenfeld,Pop Ambient 2005,389680,2005-02-21,,1,link_playlist_15
DEU670400080,1NLUcjNWtFA8xr91eCoNsM,Triola,Mondlied,Pop Ambient 2005,270400,2005-02-21,,1,link_playlist_15
DEU670400082,0ZMOgiryr1RZkBRBZf0XVx,Pass Into Silence,Blue,Pop Ambient 2005,332066,2005-02-21,,1,link_playlist_15
DEU670400067,0n8lutUKNVOqg7gh2yUEwQ,Andrew Thomas,Soft Bullets,Pop Ambient 2005,175200,2005-02-21,,1,link_playlist_15
DEU670400079,2NLjAiGcVW3Hfr40OEW8mL,Gas,Pop,Pop Ambient 2005,512506,2005-02-21,,1,link_playlist_15
DEU670100095,4LzTN1fukijavnKfVYMKu7,Donnacha Costello,Dry Retch,Pop Ambient 2002,612706,2001-10-30,,1,link_playlist_15
GBAAA0400442,33xP7dQigSmT5apPCcDVBE,Brian Eno,Tal Coat - Remastered 2004,Ambient 4: On Land (Remastered 2004),327906,1982-03-01,,1,link_playlist_15
GBAAA0400443,0vI3D1jkXAaqX4wmFVTYX7,Brian Eno,Shadow - Remastered 2004,Ambient 4: On Land (Remastered 2004),180480,1982-03-01,,1,link_playlist_15
GBAAA0400444,5QUimuUIhEtuMU475o4xVB,Brian Eno,Lantern Marsh - Remastered 2004,Ambient 4: On Land (Remastered 2004),331293,1982-03-01,,1,link_playlist_15
GBAAA0400445,4SngUdjKC7Njrz5UVik26A,Brian Eno,Unfamiliar Wind (Leeks Hills) - Remastered 2004,Ambient 4: On Land (Remastered 2004),326866,1982-03-01,,1,link_playlist_15
GBAAA0400447,4y5qZUZU5sojHT033PFP26,Brian Eno,A Clearing - Remastered 2004,Ambient 4: On Land (Remastered 2004),247946,1982-03-01,,1,link_playlist_15
GBAAA0400446,40SwbYd709A4Fm6AHxD0Ld,Brian Eno,"Dunwich Beach, Autumn, 1960 - Remastered 2004",Ambient 4: On Land (Remastered 2004),430160,1982-03-01,,1,link_playlist_15
USI4R0607773,4hx8EYJ54QzRf7KrVrNn1H,Stars Of The Lid,Even If You're Never Awake,And Their Refinement of the Decline,560746,2007-04-02,,1,link_playlist_15
USI4R0607774,1h74tyOj7qcmjKnB64BLOR,Stars Of The Lid,Even (Out) +,And Their Refinement of the Decline,291680,2007-04-02,,1,link_playlist_15
USI4R0607771,477naywDON3t1iAF4COlOV,Stars Of The Lid,Don't Bother They're Here,And Their Refinement of the Decline,610213,2007-04-02,,1,link_playlist_15
USI4R0607767,2Uy2p6tkVLj6vaVznKpNCs,Stars Of The Lid,"Articulate Silences, Pt. 1",And Their Refinement of the Decline,324400,2007-04-02,,1,link_playlist_15
USI4R0607768,19i0eqVS2lrRToPje5e6Rg,Stars Of The Lid,"Articulate Silences, Pt. 2",And Their Refinement of the Decline,337173,2007-04-02,,1,link_playlist_15
USI4R0607777,7enRMTKnzaeYQsBgRYmCle,Stars Of The Lid,The Daughters of Quiet Minds,And Their Refinement of the Decline,801920,2007-04-02,,1,link_playlist_15
USI4R0607779,7eQ5mlLmrET0W3YokL2tiH,Stars Of The Lid,That Finger On Your Temple Is the Barrel of My Raygun,And Their Refinement of the Decline,304493,2007-04-02,,1,link_playlist_15
USI4R0401917,4y3bqoSekK6V0rcSIxYy0V,Stars Of The Lid,"Broken Harbors, Pt. 1",The Tired Sounds of Stars of the Lid,213426,2001-10-01,,1,link_playlist_15
USI4R0401918,0LfRVw2aFyi3wqYcRjFZpx,Stars Of The Lid,"Broken Harbors, Pt. 2",The Tired Sounds of Stars of the Lid,407053,2001-10-01,,1,link_playlist_15
USI4R0401919,56g4oIktAaq90UjnChc4wo,Stars Of The Lid,"Broken Harbors, Pt. 3",The Tired Sounds of Stars of the Lid,556893,2001-10-01,,1,link_playlist_15
USI4R0401920,0pLlZydT4uPrbcrycGPMpe,Stars Of The Lid,Mullholland,The Tired Sounds of Stars of the Lid,409386,2001-10-01,,1,link_playlist_15
USI4R0401921,7uddScu85rQJVoyZlg0ahV,Stars Of The Lid,The Lonely People (Are Getting Lonelier),The Tired Sounds of Stars of the Lid,607613,2001-10-01,,1,link_playlist_15
USI4R0401925,3kXsjZ6svT6gwNIF1YDJ9r,Stars Of The Lid,"Ballad of Distances, Pt. 1",The Tired Sounds of Stars of the Lid,216346,2001-10-01,,1,link_playlist_15
USI4R0402003,71D54BLSv3OZXQCcCE8iir,Stars Of The Lid,Dust Breeding (1.316)+,Avec Laudenum,548133,1999,,1,link_playlist_15
USI4R0402004,76DQ5r3uWTAavWmTOmSWoL,Stars Of The Lid,I Will Surround You,Avec Laudenum,628333,1999,,1,link_playlist_15
DEU670700119,6Umc0TsqDSgue1zfb3Hy78,Markus Guentner,Sparks,Pop Ambient 2008,429906,2007-10-29,,1,link_playlist_15
DEU670500075,6ZcBnuOvQ18mGXw9VQmXy0,Uli Teichmann,Piano Tec,Pop Ambient 2006,318146,2005-11-14,,1,link_playlist_15
uscgj0883676,1TgqdduJDOzUU5IPwJ5vGe,Zen Hanami,Through Ancient Gardens,Reflection 1,293000,2008-06-17,,1,link_playlist_15
uscgj0883674,5f4tPWBqtRCAVUSh7A4UxL,Zen Hanami,Meeting Spirits,Reflection 1,287000,2008-06-17,,1,link_playlist_15
uscgj0883673,14daq2vI086rbeBlI7ei9g,Zen Hanami,First Light,Reflection 1,268000,2008-06-17,,1,link_playlist_15
uscgj0883670,3x27YTgedJZlHvBcF7aaQ0,Zen Hanami,A Gentle Rain Of Thoughts,Reflection 1,297000,2008-06-17,,1,link_playlist_15
uscgj1401055,3g4YSPwApdxVwgz9REvWEn,Zen Hanami,Under an Equatorial Night Sky,Reflection 2,309000,2014-02-15,,1,link_playlist_15
uscgj0883678,0o3KTvUd99bkl3M24xrqUM,Zen Hanami,Flying Paper Lanterns,Reflection 1,298000,2008-06-17,,1,link_playlist_15
uscgh1852609,3JjOkvbbGpKCpehZPKiz5E,Zen Hanami,"Joyous Encounters of the Alien Variety (From ""Travels to a Deep Sea Garden"")",A Matter of Fiction: Music for Films,452000,2018-01-27,,1,link_playlist_15
GBKEZ1100215,2ozrreWu1sUMEqFib3725F,Innais,Beautiful Butterfly,Bar de Lune Presents India Journeys,260120,2011-07-01,,1,link_playlist_15
DEBL61152064,3OrC3jDxJ7mfsM3RPsmJG2,Hakobune,Shadow On the Lawn,Shadow On the Lawn,540600,2011-07-29,,1,link_playlist_15
USA2P1610710,77spglhDyLyFjoV7kjzhOS,Chihei Hatakeyama,You're Still In It,You're Still In It,1105936,2016-02-23,,1,link_playlist_15
ushm21380935,69YqoFrpyqen0Hi0RG5Sc9,Igneous Flame,Zephyr,Nyx,597240,2013-06-28,,1,link_playlist_15
DEU671300001,6IDUObhsXLafGQ8YptuXhU,Leandro Fresco,Cuando El Sol Grita La Mañana,Pop Ambient 2013,336520,2013-01-21,,1,link_playlist_15
DEU671500001,5pWakJUz6Z9D92vUEKGdJp,Leandro Fresco,La Edad De Oro,El Reino Invisible,358533,2015-03-02,,1,link_playlist_15
DEU671500002,37F5PC1gkoTZk4So1ywOQ4,Leandro Fresco,Los Años Que Vivimos En Peligro,El Reino Invisible,291440,2015-03-02,,1,link_playlist_15
DEU671500006,5LUIBYefEJQf12ojxnITY7,Leandro Fresco,El Salto Del Angel,El Reino Invisible,373746,2015-03-02,,1,link_playlist_15
DEU670200060,6F0cU7RATs0Wgaxr8ENnc5,Klimek,Milk & Honey 1,Milk & Honey,533160,2002-07-15,,1,link_playlist_15
USHM91664446,51mDrdzLMEXrRmClFWIwtv,Koen Daigaku,Stereoscenic,Forest in Full Bloom,525600,2016-12-16,,1,link_playlist_15
USR2M0900071,7y0MUu7TzIA7ZyieRsNK4d,Liquid Mind,"Into the Light, Pt. 1",Liquid Mind IX: Lullaby,326295,2009-03-03,,1,link_playlist_15
QZS7J2285329,16BMKSNU69eW0y1Q0vWvwa,Devin Kennedy,Forget About You (Intimate),Poetry (Intimate),100739,2022-08-19,,1,link_playlist_16
USWB12201789,6xGruZOHLs39ZbVccQTuPZ,Joji,Glimpse of Us,Glimpse of Us,233456,2022-06-10,,1,link_playlist_16
USWB12203732,26hOm7dTtBi0TdpDGl141t,Joji,Die For You,SMITHEREENS,211666,2022-11-04,,1,link_playlist_16
QZNWR2164926,4kJT7Yj6Za01KfKHjb7mZE,Montell Fish,Fall in Love with You.,JAMIE,132000,2022-07-22,,1,link_playlist_16
USUYG1156895,5TXDeTFVRVY7Cvt0Dw4vWW,XXXTENTACION,Revenge,17,120026,2017-08-25,,1,link_playlist_16
QZTGW2100833,5ChTVNcSgb3sC6qCuhDE0M,Gatton,Other's Melodies - Demo,Other's Melodies - Demo,114193,2022-01-26,,1,link_playlist_16
QZK6H2079546,1xHrPq8WvLKiO6lT94Ks2F,EKKSTACY,See You Later,See You Later,123319,2020-09-30,,1,link_playlist_16
QZTAU2186820,1nWplg2wIdoaajVFRaHzlf,Pity Party (Girls Club),Stuck on u,Hard Times / Bad Trips,80065,2022-01-02,,1,link_playlist_16
QM24S2106218,7uo2L5FAja3pWIBa3HJVeC,Zeph,could you love me while i hate myself,scared of everything,60333,2021-10-15,,1,link_playlist_16
QM42K1844237,5e2l2ZAMwHmrkdM4Z6NhAR,Shiloh Dynasty,Again,Vivid Pictures,157205,2018-03-13,,1,link_playlist_16
GBSMU6534331,5VujK2veNOmeh7jNj9zq1p,dwsdmusic,Talk It Out,Talk It Out,170482,2019-06-16,,1,link_playlist_16
GBKPL2170620,0kAsY8KaG5sM6uwAEt3qyg,Tommy Lefroy,Flight Risk,Flight Risk EP,59026,2021-11-17,,1,link_playlist_16
QZNWT2190406,40Fmr4mXhz4PtrMAPTnoXB,Montell Fish,Destroy Myself Just For You,JAMIE,146000,2022-07-22,,1,link_playlist_16
USRC11502852,6MowG7MRVgPfGlCMsXKMJ2,Sia,Bird Set Free,This Is Acting (Deluxe Version),252440,2016-10-21,,1,link_playlist_17
USRC12101538,7y3xU9vEC1s8DSuuoSYKih,Doja Cat,Been Like This,Planet Her,177373,2021-06-25,,2,link_playlist_17;link_playlist_20
KRA402200020,0ARKW62l9uWIDYMZTUmJHF,BLACKPINK,Shut Down,BORN PINK,175889,2022-09-16,,1,link_playlist_17
ITB920300035,4Ovy5UkvkweOluGd9hoKsR,Tiziano Ferro,Sere nere,111 Centoundici,264986,2003-06-01,,1,link_playlist_17
QZTB52268087,26b3oVLrRUaaybJulow9kz,Libianca,People,People,184791,2022-12-06,,1,link_playlist_17
FRZ041800916,3yKHE0h9BUxpHZe1EqmJnX,Aya Nakamura,Oula,NAKAMURA,158813,2018-11-02,,1,link_playlist_17
GBARL1300107,3JvKfv6T31zO0ini8iNItO,Tom Odell,Another Love,Long Way Down (Deluxe),244360,2013-06-24,,1,link_playlist_17
USUM72219476,35SbrfbaSpGUBX7e5BPega,Kali Uchis,I Wish you Roses,Red Moon In Venus,219954,2023-03-03,,1,link_playlist_18
QZNMZ2119037,7ISSqT0VPIh8A9tIVxurUu,Alina Baraz,Change My Mind,Moongate,174133,2021-10-29,,1,link_playlist_18
USUM72219487,0vQffWKfl0JyRqtdoZINEM,Kali Uchis,Deserve Me (with Summer Walker),Red Moon In Venus,265888,2023-03-03,,1,link_playlist_18
USQE92100358,1ciQU7ZQGHq129m3njp9en,Orion Sun,dirty dancer,dirty dancer,169720,2022-02-08,,1,link_playlist_18
US39N2202009,2m1joPV2mS8CjqxFs7EGMb,MMC,"Right Person, Wrong Time (feat. Umi & Yeek)","Right Person, Wrong Time (feat. Umi & Yeek)",195853,2022-10-17,,1,link_playlist_18
QMEZE2060785,7yyYmGQXSyrH7kLALSTFjg,Sun,Video Games,Video Games,220820,2021-08-20,,1,link_playlist_18
USSM12108482,6z6OFc8qYsqUBSOWta3nLV,RealestK,WFM,Dreams 2 Reality,136000,2022-10-28,,1,link_playlist_18
USUM72105926,7bcy34fBT2ap1L4bfPsl9q,Billie Eilish,I Didn't Change My Number,Happier Than Ever,158463,2021-07-30,,2,link_playlist_18;link_playlist_20
USSM12210038,0pZnsMWoaszzBpZF4c0O9W,RealestK,Yourself,Dreams 2 Reality,135468,2022-10-28,,1,link_playlist_18
USUM72020432,14gkWVFMwdxBMyqBw1wmIg,Ariana Grande,safety net (feat. Ty Dolla $ign),Positions,208457,2020-10-30,,1,link_playlist_18
USUG11902729,76YSWx6L6FNsuaP6GWBb8P,Labrinth,All For Us,Imagination & the Misfit Kid,191710,2019-11-21,,1,link_playlist_18
USUM72105927,2KnuaZYoGzDoHiBTNYOTXG,Billie Eilish,Billie Bossa Nova,Happier Than Ever,196730,2021-07-30,,1,link_playlist_18
USUM71806065,5Gnx5bNAglWcclJkuJnrys,Tierra Whack,Flea Market,Whack World,60000,2018-05-30,,1,link_playlist_18
USUG12203932,2lVYLiHGIX6GajMqYXF1Un,Jessie Reyez,FOREVER (with 6LACK),YESSIE,223157,2022-09-16,,1,link_playlist_18
USUYG1187316,6QpZXzHcOgXK41Y3YCx203,ODIE,Little Lies,Analogue,220007,2018-04-06,,1,link_playlist_18
USUYG1194991,1VGzxJnVQND7Cg5H5wGj14,Joji,YEAH RIGHT,BALLADS 1,174357,2018-10-26,,1,link_playlist_18
ITNTP2100009,0BenKrAgLeRYSEnO3RNsdl,Joan Thiele,Cinema,Atto I - Memoria del Futuro,230725,2021-02-12,,1,link_playlist_18
ITFR81910023,3oBVv54hTMSYXXJGxO5JxJ,Venerus,"Love Anthem, No. 1",Love Anthem,236809,2019-06-21,,1,link_playlist_18
USQX92000924,1ljglUWkHT85jxPnO3pJpE,Q,Who Will?,Thoughts,92656,2018-03-08,,1,link_playlist_18
USUYG1186923,63bAGRSSX2V1hhPSP2NpBC,ODIE,North Face,Analogue,196799,2018-04-06,,1,link_playlist_18
QZ5C81600005,35xSkNIXi504fcEwz9USRB,Frank Ocean,Solo,Blonde,257380,2016-08-20,,1,link_playlist_18
USUM71202995,7DfFc7a6Rwfi3YQMRbDMau,Frank Ocean,Thinkin Bout You,channel ORANGE,200746,2012-07-10,,1,link_playlist_18
TCACL1642154,4vzV11MKDc82D9r1YV61MQ,Russ,Moonlight in Atlanta,Moonlight in Atlanta,163500,2016-01-15,,1,link_playlist_18
QZNWU2241066,2XaULmrRsPXs60gPB1z5FX,Lorine Chia,Better Days,Drill & Blues,133633,2022-09-14,,1,link_playlist_18
USUM72304857,2f86Ae3R4OKAu1lEIqouih,Summer Walker,"To Summer, From Cole - Audio Hug",CLEAR 2: SOFT LIFE EP,147666,2023-05-19,,1,link_playlist_18
QM6N21983282,3uouaAVXpQR3X8RYkJyitQ,Daniel Caesar,CYANIDE,CASE STUDY 01,194959,2019-06-28,,1,link_playlist_18
SEYOK2225675,0pwQySxObaYRgpY61WsfKa,zaib,lontano,lontano,140571,2022-09-02,,1,link_playlist_18
ITUM72300360,3aVujWlpVrqvuMZvfUpRQu,Thoé,Fiori Stanchi,Fiori Stanchi,150256,2023-02-24,,1,link_playlist_18
ITDY32300060,4CmhDQAXV7lbRTMcOMbjbe,Lauryyn,Cambio di scena,Cambio di scena,169868,2023-05-26,,1,link_playlist_18
FR10S2381448,48CPVwgiR9oDY9EPBEJGhJ,Holden,LAMPI,LAMPI,179356,2023-01-27,,1,link_playlist_18
ITZ042000069,213CqOCyFDOLmCCrX0Imd4,Madame,sentimi,sentimi,187660,2020-04-24,,2,link_playlist_18;link_playlist_27
CAN111700009,1B62o4CbdL9ckGvwsz2cgn,SYML,Where's My Love,SYML,202009,2019-05-03,,1,link_playlist_19
QMBZ92014857,2QdSb68BzZGMgCbsrFmSLc,Tems,Higher,For Broken Ears,196204,2020-09-25,,1,link_playlist_19
QM5FT1600121,1KnJwhZU3DIBe54Q4HPpIl,Rihanna,Higher,ANTI (Deluxe),120626,2016-01-28,,1,link_playlist_19
USAT21000257,2M9ULmQwTaTGmAdXaXpfz5,Travie McCoy,Billionaire (feat. Bruno Mars),Billionaire (feat. Bruno Mars),211160,2010-03-09,,1,link_playlist_19
USAT21500597,3CRDbSIZ4r5MsZ0YwxuEkn,Twenty One Pilots,Stressed Out,Blurryface,202333,2015-05-15,,1,link_playlist_19
CA0RZ1000020,0V5cvmTKsYmF5FmGGEAfmS,Patrick Watson,Je te laisserai des mots,Je te laisserai des mots,160853,2010-09-10,,1,link_playlist_19
USSM12106349,4BZRI2dHYQr4839VIewyoC,Labrinth,Kill For Your Love,Iridium,192170,2022-10-28,,1,link_playlist_20
USSM12208721,5amRolITZmPuqDQOqJ4aWr,Labrinth,Iridium,Iridium,166797,2022-10-28,,1,link_playlist_20
USSM12106350,5vueybLxjZ5kKjgOqNy4NK,Labrinth,Lift Off,Iridium,184933,2022-10-28,,1,link_playlist_20
USUYG1425371,0pq7v5FzfN7pv4qVk173a5,L.A.X,Waist Drop,Waist Drop,167142,2022-05-18,,1,link_playlist_20
ZAIF62100009,16vqEDaCZpq5zdgop8U9uM,Costa Titch,Big Flexa,Big Flexa,327079,2021-12-03,,1,link_playlist_20
USQX91902497,6EtKlIQmGPB9SX8UjDJG5s,Labrinth,"Formula (From ""Euphoria: Season 1"" Soundtrack)",Euphoria (Original Score from the HBO Series),91869,2019-10-04,,1,link_playlist_20
QZLBC2200246,7lMrIFrNAwSSdOrsk4glWa,Ray Laurél,COCONUT PERFUME,COCONUT PERFUME,165250,2022-06-29,,1,link_playlist_20
TCAEQ2083509,3hxIUxnT27p5WcmjGUXNwx,Hotel Ugly,Shut up My Moms Calling,Shut up My Moms Calling,164571,2020-02-10,,1,link_playlist_20
FRX202033479,7CmZEfItzI72t7bpXyzahl,Miles from Kinshasa,Wearing Smiles,Beloved,216000,2020-09-04,,1,link_playlist_20
UKX992100006,6fdzX7Qy7LN5uaJ0ukH6p5,Wesley Joseph,The Bloom,ULTRAMARINE,114001,2021-06-18,,1,link_playlist_20
ITDY32200016,4hZat4zoX4ghX3da67nYfl,Lauryyn,Cos'è una regola,Cos'è una regola,200058,2022-01-21,,1,link_playlist_20
US25X2102915,5KdfaHdg2mYtccCtPQrIhF,BLK ODYSSY,FUNKENTOLOGY,BLK VINTAGE,172829,2021-08-27,,1,link_playlist_20
QMBZ92014855,4vcUf8YqLi1mDeT9c0Wo6f,Tems,Ice T,For Broken Ears,247164,2020-09-25,,1,link_playlist_20
DEXC82200040,1echqVmMoUZE22trTEqfL5,BNXN,In My Mind - A COLORS SHOW,In My Mind - A COLORS SHOW,136800,2022-08-22,,1,link_playlist_20
QMGR32083119,3QSYCQV3OTXXn4AKoWVyZ5,Ogranya,Bleeding,Imperfect,162741,2020-03-27,,1,link_playlist_20
USRC12202700,4ut2mSEq13UEe1JAqo4fyR,Tems,Interference - Coke Studio Session,Interference (Coke Studio Session),200000,2021-09-03,,1,link_playlist_20
QM7282097237,3Xfwu3xtPqmJ4nM4jpBm8O,Tems,Damages,For Broken Ears,169411,2020-09-25,,1,link_playlist_20
TCACR1604215,3U3J5v3rkx89WnFEQvAJD5,Jessie Reyez,FIGURES,Kiddo,240906,2017-04-21,,1,link_playlist_20
USAT22204317,3LpbHOkTRZ0ls06L0xKdpH,Josh Levi,ALL OVER AGAIN,DISC TWO,127802,2022-06-09,,1,link_playlist_20
QZHN92035591,2LL8v2NXuuzkV9N1G2m7oE,Kid Travis,Galaxy,Strawberry Skies (Deluxe Edition),169415,2020-12-04,,1,link_playlist_20
ZB88P2100003,2qxgejJTaZIHNSHDD22Uhl,Kabza De Small,Abalele,Abalele,416321,2021-09-17,,1,link_playlist_20
ZB1OS2100044,3rDd1X68wGTaKYRATrcARb,Felo Le Tee,Dipatje Tsa Felo (feat. Daliwonga),Dipatje Tsa Felo (feat. Daliwonga),379285,2021-12-17,,1,link_playlist_20
ZAC012100313,22sG77yM0PrgIpbVKZ40yY,Busta 929,Mmapula,"Undisputed, Vol. 2",378958,2021-07-30,,1,link_playlist_20
USRC12102179,23CKxEwKWsLs6LD5poGOLM,Lucky Daye,Over,Candydrip,207420,2022-03-10,,1,link_playlist_20
USUM71812666,4at3d5QWnlibMVN75ECDrp,6LACK,Pretty Little Fears (feat. J. Cole),East Atlanta Love Letter,240341,2018-09-14,,1,link_playlist_20
US23A1528695,7rt29oUQmaX4oFE8RsaaND,Teni,HUSTLE,WONDALAND,173333,2021-03-19,,1,link_playlist_20
USRC12000832,45bE4HXI0AwGZXfZtMp8JR,Tate McRae,you broke me first,you broke me first,169265,2020-04-17,,1,link_playlist_20
NGA3B2201002,0xPz8qjfchKRCAmABJH65Z,Mavins,Won Da Mo,Won Da Mo,247680,2022-11-09,,1,link_playlist_20
FR9W12012327,7nYZ35H4GkNj1udlTrWGur,Terrenoire,La fin du Monde,Les Forces Contraires,233465,2020-08-28,,1,link_playlist_20
USUYG1421898,6R2gAXDiP5689wFxzP6qvl,L.A.X,Sempe - Acoustic,Sempe (Acoustic),98000,2022-04-04,,1,link_playlist_20
NGA3B2216004,1xs8bOvm3IzEYmcLJVOc34,Ayra Starr,Rush,19 & Dangerous (Deluxe),185093,2022-10-21,,1,link_playlist_20
USUYG1437868,46gfN72BxmLvACx6Pve4XU,Asake,Dull,Mr. Money With The Vibe,100173,2022-09-07,,1,link_playlist_20
USUYG1369226,0KCGBCA9Zm5FJeYv7dXe2a,June Freedom,Collabo,Anchor Baby,146133,2021-06-18,,1,link_playlist_20
USUYG1409776,7d1aTQlsHMgWmkPywDi7h1,Asake,Omo Ope (feat. Olamide),Omo Ope,166153,2022-01-18,,1,link_playlist_20
QMBZ92014862,4w4EJ9EaeogHLLEYlUXFDo,Tems,The Key,For Broken Ears,166153,2020-09-25,,1,link_playlist_20
GBUM72204191,1CcorUngVSo7k2GX8GLB53,FLO,Feature Me,The Lead,201621,2022-07-08,,1,link_playlist_20
QMAXQ2204866,3yu5otkADG1ldufrPxABoo,Yarden,Wetin,Wetin,78946,2022-11-17,,1,link_playlist_20
QMDA62229934,252ZECHopILLs10pMfE76N,RAYE,Flip A Switch.,My 21st Century Blues,201373,2023-02-03,,1,link_playlist_20
QM7282301344,2bJ1Di9op8Dx4ABfOP9M2h,AMARIA BB,Through The Phone Pt.2,6.9.4.2,116437,2023-06-29,,1,link_playlist_20
USSM12004501,1sbEeUY8KsdvgiQi26JBFz,DJ Khaled,POPSTAR (feat. Drake),KHALED KHALED,200221,2021-04-30,,1,link_playlist_21
USRC12000150,6MO2bfLHKykUgCChFdw91H,H.E.R.,"Slide (Remix) (feat. Pop Smoke, A Boogie Wit da Hoodie & Chris Brown) (feat. Pop Smoke)","Slide (Remix) (feat. Pop Smoke, A Boogie Wit da Hoodie & Chris Brown) (feat. Pop Smoke)",296011,2020-01-17,,1,link_playlist_21
GBUS91200018,1090OWoP6JTpYAaSSEBvGy,Maleek Berry,Kontrol,Kontrol,206315,2016-05-09,,1,link_playlist_21
USWB12000196,6WGTfHSQtUcEx5vgpxTLCs,PARTYNEXTDOOR,LOYAL (feat. Drake and Bad Bunny) - Remix,PARTYMOBILE,281119,2020-03-27,,1,link_playlist_21
FR6P12100120,5RBc2SUllAJG4gUZdXTBIj,Jorja Smith,Come Over (Remix),Come Over (Remix),145652,2021-02-25,,1,link_playlist_21
USSM12001261,4w47S36wQGBhGg073q3nt7,ROSALÍA,TKN (feat. Travis Scott),TKN (feat. Travis Scott),129370,2020-05-28,,1,link_playlist_21
GBARL1401524,32OlwWuMpZ6b0aN2RZOeMS,Mark Ronson,Uptown Funk (feat. Bruno Mars),Uptown Special,269658,2015-01-12,,1,link_playlist_22
USWB10700721,18lR4BzEs7e3qzc0KVkTpU,Linkin Park,What I've Done,Minutes to Midnight,205226,2007-05-14,,1,link_playlist_22
USCM51600028,1zi7xx7UVEFkmKfv06H8x0,Drake,One Dance,Views,173986,2016-05-06,,1,link_playlist_22
USSM11703478,3B54sVLJ402zGa6Xm4YGNe,French Montana,Unforgettable,Jungle Rules,233901,2017-07-14,,1,link_playlist_22
USQX91300809,2Foc5Q5nqNiosCNqttzHof,Daft Punk,Get Lucky (Radio Edit) [feat. Pharrell Williams and Nile Rodgers],Get Lucky (Radio Edit) [feat. Pharrell Williams and Nile Rodgers],247632,2013-04-19,,1,link_playlist_22
ITB002201046,7EZcLhi3EhKMb408cHOQOU,Colapesce,Splash,Splash,209803,2023-02-09,,1,link_playlist_22
USEE10900522,5fdNHVZHbWB1AaXk4RBGVD,"Grover Washington, Jr.",Just the Two of Us,Winelight,443773,1980,,1,link_playlist_22
USJAY0300080,6ECp64rv50XVz93WvxXMGF,Maroon 5,This Love,Songs About Jane: 10th Anniversary Edition,206200,2002,,1,link_playlist_22
UKT6D2400001,79h0p7LxmMZahCWA2CLt3N,Sidy,Ero Oro,Ero Oro,148529,2024-03-22,,1,link_playlist_22
USRC11903460,60ynsPSSKe6O3sfwRnIBRf,Doja Cat,Streets,Hot Pink,226978,2019-11-07,,1,link_playlist_23
US23A1500365,2169IKAivSUUFGcedGASXc,Stefflon Don,16 Shots,16 Shots,224727,2017-05-22,,1,link_playlist_23
QZPLS2028640,3t7NM4j6pmzJqck5sQdyAF,Kaliii,Do A Bitch,This Why They Mad Now,164702,2021-01-16,,1,link_playlist_23
USUM71303090,0USZx50eApN045zIIyjePN,Jeremih,All The Time,All The Time,264200,2013-01-01,,1,link_playlist_23
USUM72100076,15C4TnrrVdym7UykxQIOTZ,BRS Kash,Throat Baby (Go Baby) (with DaBaby & City Girls) - Remix,Throat Baby (Go Baby) (with DaBaby & City Girls) [Remix],211609,2021-01-21,,1,link_playlist_23
USUM72013570,0SkoylFIzesXXugA657flk,Summer Walker,White Tee,Love Is...Passionate,211373,2021-02-05,,1,link_playlist_23
ITUM72000711,1n16h52XziJJhIvWAIlz6k,Geolier,Na Catena (feat. Roshelle),Emanuele (Marchio registrato),165742,2020-07-09,,2,link_playlist_24;link_playlist_26
GBARL1501370,6TaqooOXAEcijL6G1AWS2K,Snakehips,All My Friends (feat. Tinashe & Chance the Rapper),All My Friends (feat. Tinashe & Chance the Rapper),229737,2015-10-21,,1,link_playlist_24
ITUM72000490,1XQvMjA9IiIx1lAiTHSxQi,Carl Brave,Spigoli,Spigoli,256788,2020-05-12,,1,link_playlist_24
USRC12002998,7Bar1kLTmsRmH6FCKKMEyU,SZA,Hit Different,Hit Different,202007,2020-09-04,,1,link_playlist_24
USSM11701732,6yHkPtl6UQ7RjtJLBPzbJw,Future,Selfish (feat. Rihanna),HNDRXX,251422,2017-07-27,,2,link_playlist_24;link_playlist_26
USRC11902505,2rTnVB1bvwxHtaIl4uVu7f,H.E.R.,Slide,Slide,238321,2019-09-27,,2,link_playlist_24;link_playlist_27
USUM71907371,4CMrdHWqic0usIZfTrKoI3,DaniLeigh,Easy - Remix,Easy (Remix),186586,2019-05-31,,2,link_playlist_24;link_playlist_27
ITDF41800044,3xGD5KhnizETt7KQwxtUAc,Gemitaiz,Senza Di Me (feat. Venerus & Franco126),Senza Di Me,201961,2018-12-21,,1,link_playlist_24
ITUM71901148,5dsz7MTrNdN9aMTrnp7sOG,Marracash,CRUDELIA - I nervi,Persona,230922,2020-03-27,,1,link_playlist_24
QM5FT1600118,4pAl7FkDMNBsjykPXo91B3,Rihanna,Needed Me,ANTI (Deluxe),191600,2016-01-28,,1,link_playlist_24
QZ5C81600001,19YKaevk2bce4odJkP5L22,Frank Ocean,Nikes,Blonde,314075,2016-08-20,,1,link_playlist_25
QMJMT1902190,6XNANAB7sFvkfho6bMCp7o,Jaden,Summertime In Paris,ERYS (Deluxe),270960,2019-07-05,,1,link_playlist_25
USUG11900009,5zXmmhtXrhDbYnScaYpqZg,Jessie Reyez,Imported (with 6LACK),Imported (with 6LACK),225040,2019-04-09,,1,link_playlist_25
QZ5C81600003,3xKsf9qdS1CyvXSMEid6g8,Frank Ocean,Pink + White,Blonde,184516,2016-08-20,,2,link_playlist_25;link_playlist_28
USUYG1164976,1roCVehSWSAMVwjn8s5z2R,NSTASIA,New Religion,NEW RELIGION,203294,2017-11-17,,3,link_playlist_25;link_playlist_27;link_playlist_28
QM24S1927163,2J6OF7CkpdQGSfm1wdclqn,Brent Faiyaz,Clouded,Fuck The World,110128,2020-02-07,,1,link_playlist_25
FRZ052000162,1Whf2ZaesM1gXlU0z3Fslt,Lous and The Yakuza,Dilemme (with tha Supreme & Mara Sattei),Dilemme (with tha Supreme & Mara Sattei),231333,2020-04-02,,1,link_playlist_26
USUM71703086,6SwRhMLwNqEi6alNPVG00n,Kendrick Lamar,LOYALTY. FEAT. RIHANNA.,DAMN.,227360,2017-04-14,,1,link_playlist_26
USAT21907227,3ucRKbRlikYHyoI17gfR0c,Kehlani,All Me (feat. Keyshia Cole),All Me (feat. Keyshia Cole),178347,2019-12-23,,1,link_playlist_27
USUM71919639,2xyx0o4xNOLLjBSbOOdcbA,Summer Walker,Playing Games (with Bryson Tiller) - Extended Version,Over It,143226,2019-10-04,,1,link_playlist_27
USRC11903868,1ToprX3cpBiXoAe5eNSk74,Khalid,Eleven,Eleven,206360,2020-01-09,,1,link_playlist_27
USUG11801168,4o7WXic8yAQWOV7iJXZ4jD,Jessie Reyez,Body Count (feat. Normani & Kehlani) - Remix,Being Human In Public,158946,2018-10-19,,1,link_playlist_27
USUG11903518,1mEO3xiJqEWXYIdZalDzHR,Tiana Major9,"Collide - From ""Queen & Slim: The Soundtrack""","Collide (From ""Queen & Slim: The Soundtrack"")",205453,2019-10-10,,1,link_playlist_27
ITB001900775,5SkqgJels44XGgZEctDLZL,Roshelle,rosa naturale - feat. Emis Killa,rosa naturale (feat. Emis Killa),183870,2020-01-10,,1,link_playlist_27
ITWE52000001,0pFjYM7JdNJhjuooMgesks,Matteo Romano,Concedimi,Concedimi,189320,2020-11-17,,1,link_playlist_27
QMJMT1400589,3e90JC8EKLsSDUHmPpxkfp,WILLOW,9,3,253800,2014-11-11,,1,link_playlist_27
NL1TK1900001,1UReO1X8z8qcZRXXzly6FB,Duncan Laurence,Arcade,Loving You Is A Losing Game,185146,2020-11-23,,1,link_playlist_28
USUM72020441,3UoULw70kMsiVXxW0L3A33,Ariana Grande,pov,Positions,201882,2020-10-30,,1,link_playlist_28
FRZ052100063,0AGOXOfcDIRXwZtny26RDd,Lous and The Yakuza,Je ne sais pas (feat. Sfera Ebbasta),Je ne sais pas (feat. Sfera Ebbasta),194053,2021-02-26,,1,link_playlist_28
USUM72020428,42ukB60PjxgEmoTAHICfiN,Ariana Grande,just like magic,Positions (Deluxe),149900,2021-02-19,,1,link_playlist_28
ITZ042100004,1eIS75JS5rfbJpSu6ZC9EO,Madame,VOCE,VOCE,211410,2021-03-03,,1,link_playlist_28
USSM12000998,3FAJ6O0NOHQV8Mc5Ri6ENp,GIVĒON,Heartbreak Anniversary,TAKE TIME,198371,2020-03-27,,1,link_playlist_28
USRC12004189,3YJJjQPAbDT7mGpX3WtQ9A,SZA,Good Days,Good Days,279203,2020-12-25,,1,link_playlist_28
ITUM72001148,3tkYK45AZC0PqJ7MSe6IyJ,Sfera Ebbasta,Tik Tok (feat. Marracash & Guè),Famoso,230388,2020-12-18,,1,link_playlist_28
USSM12100531,3BZEcbdtXQSo7OrvKRJ6mb,Lil Nas X,MONTERO (Call Me By Your Name),MONTERO (Call Me By Your Name),137875,2021-03-26,,1,link_playlist_28
ITUM71900173,6NMSxpHkTeHmkY1gI0JuJ4,Mahmood,Remo,Gioventù Bruciata,188080,2019-02-22,,1,link_playlist_28
